Feature,Importance
GrLivArea,0.4028057980304334
GarageArea,0.2204066670325669
YearBuilt,0.2161077300564162
1stFlrSF,0.1606798048805836
